Frequency (Hz),Channel 1 Magnitude (dB),Channel 2 Magnitude (dB),Channel 2 Phase (deg)
500.0000000000001,-0.03776354854801345,-68.32555031808691,88.95406886177909
501.847845871962,-0.03785767627661292,-68.12327215758177,92.82619924002167
503.702520812657,-0.03804995586160115,-68.49471346707232,87.76318796377882
505.5640500602177,-0.03756010425893069,-68.15114168565796,89.50459433613413
507.43245894605,-0.03788130066897386,-67.99356814114815,90.6183367617456
509.307772895176,-0.03848292756528831,-68.13892349636033,91.85202248200812
511.1900174265808,-0.0376151243518778,-68.21828872667788,91.43754397516672
513.0792181535606,-0.03788668794269086,-68.47280114254576,91.25508768147492
514.9754007840694,-0.03788399857158051,-68.27499332797403,90.11504378870453
516.8785911210709,-0.03809686036387155,-68.35920304199411,92.04565117580609
518.788815062888,-0.03768117038562777,-68.16261185236925,91.77508261777302
520.7060986035559,-0.03820732134245114,-68.14861396937022,88.44748895652457
522.6304678331759,-0.03751235074456975,-68.07799526362663,88.66804669846431
524.5619489382698,-0.03784873765124656,-67.47940137131961,91.94794179377601
526.5005682021376,-0.03824866666489404,-68.16643963594692,87.5731910789134
528.4463520052134,-0.03825061391212384,-68.10821527907599,90.56370752721563
530.3993268254259,-0.0380892142418215,-67.55038497887929,89.624152373974
532.3595192385574,-0.03818234240194952,-68.32025303765961,88.64784510059866
534.3269559186062,-0.03777121024414129,-67.83207133763057,86.86845212426412
536.3016636381506,-0.03839513320874656,-68.38003966503562,92.3951050118585
538.2836692687108,-0.0378401211503753,-67.56420271399324,90.02169206976095
540.2729997811161,-0.03825724956065264,-67.61192164303948,90.1221517263773
542.2696822458722,-0.03770697900539412,-68.06149931414735,92.00485620154726
544.2737438335282,-0.03787148671874094,-67.72617279106021,89.89140680673516
546.2852118150483,-0.03759441763494595,-67.60417695876762,90.33495889894778
548.3041135621809,-0.03785972639737654,-66.98527366265633,91.57732218866119
550.3304765478322,-0.03835456605442507,-68.01727356614238,90.49185538114574
552.3643283464397,-0.0382210916226143,-68.15692833518024,88.32005628481278
554.4056966343474,-0.03783912932985957,-67.43915708940817,88.92253086421147
556.4546091901833,-0.03767739093779697,-67.22728756358771,90.20548539231737
558.5110938952357,-0.03809893989466787,-67.89641066745561,92.06697300644203
560.5751787338343,-0.03782446609200297,-67.49202837779929,88.7363781505033
562.6468917937295,-0.03772839802610146,-67.75152040030606,92.72523872751532
564.7262612664758,-0.03818291930258852,-66.98971146890105,90.78591679565592
566.8133154478153,-0.03765126523737496,-67.57040982215608,93.51414992430468
568.9080827380619,-0.03815503775731759,-66.93426834222387,90.34009119201448
571.0105916424885,-0.03790297005230812,-67.50556954986207,92.48402316350089
573.1208707717147,-0.03776540586757401,-67.57533187426796,90.93867333987922
575.238948842096,-0.03779456232860511,-67.03356627808793,89.34496123632573
577.3648546761151,-0.03819299512758655,-67.4396196360769,89.12938794259662
579.4986172027734,-0.03789434758184289,-67.14518201041606,86.90798867923509
581.6402654579849,-0.03837277465751897,-66.59978661376384,90.69212728895209
583.7898285849715,-0.03817357401637105,-67.03212993647563,89.75982266772556
585.9473358346596,-0.0378727455813635,-67.13746826843858,91.42595462344129
588.112816566078,-0.03836086950135755,-66.94383330253471,90.67682538829268
590.286300246757,-0.03847475472164064,-67.33729843288738,90.48983651395156
592.4678164531304,-0.03814040591148352,-66.87724741421633,91.42076674842218
594.6573948709365,-0.03759756122368185,-66.61908432301553,88.60172356820122
596.8550652956243,-0.03807524747933402,-66.62033386747817,91.15441374245239
599.0608576327564,-0.03781593092350009,-66.67013080459301,89.50204556953213
601.2748018984178,-0.03862586585687407,-66.78874923401844,91.2603231267766
603.4969282196232,-0.03833345235608754,-66.68389826061467,88.65736825900061
605.7272668347276,-0.03816138241140062,-66.18559170440133,89.06660358271304
607.9658480938382,-0.03828435880860925,-66.60113455668683,90.1364699293666
610.2127024592263,-0.03802004267476049,-66.67389017497862,88.46459021283677
612.4678605057424,-0.03775286799138193,-67.04607300002115,89.88741166444203
614.7313529212321,-0.03809975979950716,-66.16046408669735,91.58234720125571
617.0032105069539,-0.03885700113795563,-66.84984912918327,92.94483088670181
619.283464177999,-0.03847713605984285,-66.46962397495828,91.97452954143149
621.5721449637099,-0.03792922314499741,-66.66059870308763,90.61221890001572
623.8692840081056,-0.03829818882676651,-66.43535886648533,88.83738055609328
626.1749125703017,-0.03793545231890716,-66.92255830276041,90.78836867269219
628.48906202494,-0.03798307711220714,-66.47654596516801,86.25452722113658
630.8117638626118,-0.03793213112792799,-66.34287333367409,94.49563609256299
633.1430496902891,-0.03791455733060357,-66.39735346081197,92.13824773171592
635.4829512317519,-0.03789923386068909,-66.21086634798054,91.33250315180953
637.8315003280239,-0.03803872748078495,-66.44628206891552,91.96658370769293
640.1887289378004,-0.03778382481599664,-66.41493693047005,89.5684672157372
642.5546691378891,-0.03803775975681504,-66.29638510567743,89.41687364931211
644.9293531236412,-0.03840369272308967,-65.87317055447481,92.64851466779652
647.3128132093949,-0.03756933058871861,-66.28882497111724,89.69143264072338
649.7050818289085,-0.03819114443746026,-66.36287217344956,91.63892303497585
652.1061915358091,-0.03804426658290589,-66.73695309131645,90.69417338719779
654.5161750040292,-0.03768907172608658,-66.05790488113178,89.02610090294445
656.9350650282563,-0.03752410130910214,-66.12506471169729,90.02811197408028
659.3628945243753,-0.03792198172700739,-66.27917468134497,88.47298508991184
661.7996965299187,-0.03782106568673254,-66.12034254586467,88.66583851118325
664.2455042045157,-0.03749825296914495,-65.72225656082334,93.41745657166065
666.7003508303425,-0.03723325687193816,-65.91325308859021,90.0202268449919
669.1642698125773,-0.03820998430908981,-66.30138646326441,91.80331587082242
671.6372946798525,-0.03829871392383033,-65.66161947174827,88.40080618242334
674.1194590847122,-0.03803908460129794,-65.90493258303027,87.39377059277891
676.61079680407,-0.03762424821418087,-65.68412733578752,91.61460022410769
679.1113417396681,-0.03828785795609724,-65.55066103943879,91.47707804076572
681.6211279185405,-0.03781187190091786,-65.72822350173688,89.73705748127674
684.1401894934731,-0.0376381561057315,-65.27156004191386,89.63731781233417
686.6685607434707,-0.03783100263935851,-65.66667551688909,90.76341124580553
689.2062760742224,-0.03781971974555898,-65.51011968227238,91.77782648697111
691.7533700185701,-0.03785921263530116,-66.01148157661314,90.99067755559426
694.3098772369792,-0.03745876005309215,-66.00898468410223,90.17114651954418
696.8758325180087,-0.0374685896833466,-65.91955953598892,91.02532134835354
699.4512707787856,-0.03773392124668684,-65.4265769639661,90.87965387960162
702.0362270654798,-0.03775283406984913,-65.58636194263164,88.544920013739
704.6307365537807,-0.03785776715207996,-65.59399318763735,91.19700962340494
707.2348345493775,-0.03798487181652248,-64.89221397037508,92.51217015621937
709.848556488437,-0.03729762302545422,-65.15035997235367,91.10055811891453
712.4719379380876,-0.03752035374326584,-65.35894114974704,89.22194349910149
715.1050145969029,-0.03762742623931398,-65.13739372495994,88.53704635916867
717.7478222953868,-0.03735604581273461,-65.46184577508835,91.11197008507401
720.4003969964633,-0.03787517800092345,-65.22080202126193,91.64742589450849
723.0627747959626,-0.03701033155514315,-65.19579488687532,89.39820817696494
725.7349919231145,-0.03831449709414761,-65.39098324939147,90.87134104132086
728.4170847410415,-0.03810545899110623,-65.58562234721852,91.39440185969617
731.1090897472517,-0.03751098498748119,-65.30973467782383,90.33729362490936
733.8110435741384,-0.03749782661334265,-65.01664156145016,90.28521431319726
736.5229829894754,-0.03745871785308895,-65.11786070055543,88.53367540682916
739.2449448969197,-0.03718723280226109,-64.7312215670115,89.00666873924933
741.9769663365128,-0.03764794893576538,-64.88974529240302,91.15332325651926
744.7190844851839,-0.03759894860917549,-64.78076355841995,89.8328189371573
747.4713366572582,-0.03772017628869111,-64.67043053062851,91.76253539677833
750.2337603049623,-0.03784772480144269,-64.7504755471054,93.25913592181801
753.0063930189343,-0.03753178205508274,-64.72161070060749,91.68828142782763
755.7892725287363,-0.03849328252237662,-64.97817743245949,91.9213137935628
758.5824367033665,-0.03795132025594923,-64.95241787178257,89.77179549674381
761.3859235517768,-0.03829359987936358,-64.44894123701611,90.0887045762809
764.199771223387,-0.03847971327036159,-64.66042100412149,91.10426128095281
767.0240180086057,-0.03745347663161205,-64.65329101996366,88.17566806190351
769.858702339351,-0.03758929032761172,-64.54779463414249,91.92962807296431
772.7038627895745,-0.03777652767309739,-64.88025553317927,91.782184041671
775.5595380757841,-0.03733159966354125,-64.8239593858701,88.99032603026164
778.4257670575721,-0.03785201407262021,-64.65535225989085,88.44080322578766
781.3025887381444,-0.03784204451710805,-64.58123820288432,89.63953236172381
784.1900422648498,-0.03756162539870833,-64.38541307386213,90.20022475860389
787.0881669297154,-0.03793632628205952,-64.61284582878613,91.65765148381755
789.9970021699777,-0.03717787438666473,-64.58996324316649,91.80540550752865
792.9165875686218,-0.03760378945744952,-64.39581458925441,91.64385869462126
795.8469628549196,-0.03724513671634704,-64.63488920837445,94.3395043522621
798.788167904969,-0.03759888284589626,-64.31756654599991,90.9027936862355
801.7402427422395,-0.03770828664073932,-63.84457927028588,92.52794068180954
804.7032275381134,-0.03727130735462621,-64.2341861556346,88.93318362813682
807.6771626124349,-0.03792912634544847,-64.26946074405825,90.32996872435292
810.6620884340575,-0.0378972141960349,-64.27463498211446,91.69350524509564
813.6580456213949,-0.0379623573014212,-64.12490529823417,93.40104189224587
816.6650749429751,-0.03754116663866167,-63.90359964769027,90.7038589234792
819.6832173179929,-0.03824086932472846,-63.82155924610903,91.78056356793012
822.712513816868,-0.03781909299405808,-64.2889412111146,90.58511799945332
825.7530056618037,-0.03696166559160445,-64.03726657229285,91.55657073797943
828.804734227348,-0.03794609142423484,-64.19898230213313,89.46755116048438
831.867741040957,-0.03730963642447131,-63.95902763584185,90.86626050695864
834.9420677835586,-0.03774591095253674,-63.88413895223454,89.57928277784976
838.027756290121,-0.0372037685413002,-63.90379936829849,90.65475099546715
841.1248485502215,-0.03758136932729868,-64.23519324996184,92.28267507807234
844.2333867086173,-0.03774451622164073,-63.73201216188946,89.68247354673611
847.3534130658213,-0.03762331140712537,-64.18526322884313,89.99529772950883
850.4849700786743,-0.03790750534639849,-63.89776226254509,92.16257280050118
853.6281003609254,-0.03798614280744013,-63.71632225176497,91.05651836487687
856.7828466838107,-0.03747524629508136,-63.77230704127447,92.15463455975288
859.9492519766351,-0.03784627258244638,-63.87180546276861,90.6878735635551
863.1273593273588,-0.03789616321641788,-63.76509915590467,92.38589339726786
866.3172119831797,-0.03727798259031031,-63.28057665599214,90.95780507343548
869.518853351125,-0.03798706773806584,-63.93897089050963,91.81927622722819
872.7323269986409,-0.0378717154853698,-63.66766411559817,89.44422858015832
875.9576766541848,-0.03747812955673084,-63.54936559611162,92.51186758693768
879.1949462078225,-0.03693173139889624,-63.25040534764624,88.34163550747473
882.4441797118222,-0.03816539383842525,-63.17589602157665,89.97217892212311
885.7054213812569,-0.03785549413214058,-63.3436659766769,89.80905175737669
888.9787155946041,-0.03709755222291665,-63.1704553161586,92.39574250016409
892.2641068943507,-0.03770737918417978,-63.43659056456119,92.94543216504195
895.5616399875998,-0.03787946991439747,-63.38643387529064,92.22383395398259
898.8713597466768,-0.03782546191878616,-63.44952386410115,90.95728576395085
902.1933112097423,-0.0376576037694954,-63.34250867609749,88.63948301759378
905.5275395814034,-0.03777536107668376,-63.23341416917696,94.23882393169322
908.8740902333296,-0.03827514962303737,-63.32312769822818,90.68069207005354
912.2330087048714,-0.03758244378189785,-62.87019854380893,89.29260338659314
915.6043407036767,-0.03747862551505917,-63.17848278909899,90.56551361831737
918.9881321063162,-0.03754618336466404,-63.26643066234114,90.93150340718199
922.3844289589055,-0.03726908776201045,-63.08200755682842,90.43677803820242
925.7932774777323,-0.03790914691091931,-62.80999158026824,89.30901954770863
929.214724049887,-0.03723657544352373,-63.23708238478967,93.45923569109118
932.6488152338907,-0.03798132133277426,-62.73149021392358,92.8965221772329
936.095597760331,-0.0372869311464014,-62.81586648317389,90.20529177934415
939.5551185324973,-0.03786914653469669,-62.83225622208694,90.88541730249887
943.0274246270187,-0.036977687294862,-62.85531768184759,92.55506182066172
946.5125632945065,-0.03742212698916748,-62.73594059292842,90.25270209456214
950.0105819601938,-0.03822032418810442,-62.8114938024471,91.50837041325849
953.5215282245848,-0.03757918275777739,-62.94969976946181,89.68362517002086
957.0454498640976,-0.03770987377100456,-62.40982087466427,90.36163762594688
960.5823948317203,-0.03769424375284693,-62.59991542345855,89.64036637052045
964.132411257658,-0.03740735548326764,-62.42365546791042,89.57487941329114
967.6955474499928,-0.03763245628351036,-62.57575589168711,88.6860557878187
971.2718518953352,-0.03746723608256965,-62.34604963561573,90.81468764660679
974.8613732594908,-0.03748581638285222,-62.27465220404565,90.61527465899049
978.4641603881157,-0.03770100714648331,-62.48207825114931,90.38273223482477
982.0802623073876,-0.03752914008875384,-62.65734948799845,90.61884538815166
985.7097282246669,-0.03738960392729716,-62.44443789441546,92.50649138231361
989.3526075291728,-0.03819611177146746,-62.42688237483563,90.30845135090544
993.0089497926474,-0.03764057813098114,-62.07774612866498,89.46072939338859
996.6788047700387,-0.03755071894593413,-62.25883804888768,92.16363642596789
1000.362222400171,-0.03712142374417381,-62.05984950266593,90.98911369246173
1004.059252806429,-0.0372829427074325,-62.09609867835664,90.03885327534067
1007.769946297435,-0.03746923689592112,-62.0972738818537,92.13573683505544
1011.494353367742,-0.03737985331479311,-61.92718414531142,90.6170198332462
1015.232524698508,-0.03746262572793192,-62.39070220260659,90.9828144443843
1018.984511158199,-0.03771716613632052,-61.94142921111964,91.2450928645204
1022.750363803273,-0.03731755773724969,-61.71864144350884,90.13662276835517
1026.530133878876,-0.03738252194835946,-62.14737354349371,90.96247901523623
1030.323872819541,-0.03716301008553421,-61.86107471595355,90.99774544651956
1034.131632249887,-0.03749901825139837,-61.98884442196801,90.75026345256694
1037.953463985323,-0.0370121268849456,-61.67474976625907,91.53594903835651
1041.789420032752,-0.03747053055967928,-61.986935715308,92.33982457850837
1045.639552591273,-0.0374844092416136,-62.11068067685516,90.5523599903987
1049.503914052905,-0.03702718862209262,-62.08361985873644,89.48320369138014
1053.382557003286,-0.03733283446560041,-61.61670617523355,92.5982687919618
1057.275534222397,-0.03763070022842053,-61.57641615858986,92.46349495169544
1061.182898685274,-0.03717606573816899,-61.918262014174,91.70160118796409
1065.104703562739,-0.03663574902149775,-61.41629519612725,90.03366389563905
1069.04100222211,-0.03795598622688493,-61.54593849468306,92.14774677319826
1072.991848227938,-0.03692534386350781,-61.3124528749773,90.94466395110747
1076.957295342732,-0.03737827503872927,-61.35914733570598,90.99750689228006
1080.937397527688,-0.03777482843487315,-61.65470391716748,94.18191495168509
1084.93220894343,-0.03756980541727271,-61.49725031274005,90.19838818681848
1088.941783950739,-0.03719071630068239,-61.55763146290357,92.5273604321545
1092.966177111299,-0.03803380464416128,-61.10994389920059,90.84704361758514
1097.005443188437,-0.03719285188730344,-61.34301237957138,91.54311754351886
1101.059637147868,-0.03691151968366232,-61.20178651081569,90.41234692699788
1105.128814158443,-0.03744583854380313,-61.06590028307345,89.9049911816922
1109.213029592901,-0.03725582150766676,-61.39261353329697,91.07498228660927
1113.31233902862,-0.03746307270368715,-61.85061192394122,91.86071302197405
1117.426798248377,-0.0370750712428518,-61.23296373189362,90.89947141792123
1121.556463241102,-0.03695719205971963,-61.0887941628738,89.40424683430297
1125.701390202647,-0.03715396166923404,-61.54942292694344,91.79552757485602
1129.861635536543,-0.03760900738116606,-61.39787353305449,90.80743555692852
1134.037255854771,-0.03703368934139309,-60.98906462056637,91.96200986234544
1138.228307978535,-0.03744115614974681,-61.2031295456602,90.17268964231567
1142.434848939032,-0.0371037532991627,-61.23277646376926,88.49808721158595
1146.656935978227,-0.03718315345589795,-61.06859133884234,90.36027017956431
1150.894626549635,-0.03788663027024204,-60.95536659740215,92.36887615303833
1155.1479783191,-0.03698954997332038,-60.90504053859586,90.43521229397351
1159.417049165584,-0.03682630286876993,-60.80788941170155,90.79988169054515
1163.70189718195,-0.03735239612919587,-61.141888457724,92.98861611420529
1168.002580675754,-0.03720853439360335,-60.31181235455787,91.97834544460164
1172.319158170039,-0.03633548921052797,-60.90228824065471,87.92387915029832
1176.651688404131,-0.03765028798422555,-60.61321900988146,91.80347137009529
1181.00023033444,-0.0366477961597623,-60.76625090535863,91.44017942378579
1185.364843135259,-0.03656792505326045,-60.62785385124806,88.3076679194287
1189.745586199572,-0.03666598326693912,-60.59355123095511,90.57951433040103
1194.14251913986,-0.03730452871364538,-60.48646055695744,91.15458812497002
1198.555701788913,-0.03705390491999376,-60.38110819737376,90.0147892852941
1202.985194200647,-0.03707080189457659,-60.19893076036405,91.63560039145264
1207.431056650917,-0.03726122614725535,-60.52440473079237,91.24898795183935
1211.893349638339,-0.03654401951490525,-60.31523407751139,92.68976133189989
1216.372133885113,-0.03701611061845923,-60.38521202934454,93.2278336020301
1220.867470337851,-0.03763935131883415,-60.64012924538875,91.06376726086447
1225.379420168404,-0.03675877660681935,-60.34108760637986,89.66615571214555
1229.908044774694,-0.03708885729553067,-60.48318322152763,92.55431848494945
1234.453405781554,-0.0369688448798819,-60.77285148673815,92.32916071754414
1239.015565041559,-0.03700604141610575,-60.63290363805754,92.97186714150166
1243.594584635876,-0.03719377949103146,-60.34621302784483,90.2928560077018
1248.190526875103,-0.03709034336959355,-60.14232519589808,90.32051140230294
1252.803454300119,-0.03750259099790813,-60.30034712258179,90.34637294383151
1257.433429682936,-0.03741147950224695,-60.18579378573275,94.94528558261844
1262.080516027549,-0.03790721554360747,-60.01899454242733,91.35589111329256
1266.744776570798,-0.03761566707899054,-59.96533550948214,91.63924807467831
1271.42627478323,-0.03703863315493523,-59.96411211266868,90.41660670766123
1276.125074369954,-0.03666373875651788,-59.8705347701008,90.40187948198309
1280.841239271517,-0.03745158257087477,-59.87031475456008,91.0569652202816
1285.57483366477,-0.03682642925492208,-60.04146289350185,91.42848956069069
1290.325921963741,-0.03684392247051627,-59.86068317165633,93.1661532738699
1295.094568820513,-0.03709029284828796,-59.87854344140015,91.22991956346897
1299.880839126104,-0.03670842583773715,-59.7938023039537,91.51652830882689
1304.684798011347,-0.0370366585036084,-59.89064525018503,92.12665399755855
1309.50651084778,-0.03696917933215866,-59.60592907521838,91.33825448993565
1314.346043248534,-0.0367269228912341,-59.95860711509724,91.87256753788699
1319.203461069227,-0.03683251229238124,-59.86621604735213,89.2111189664256
1324.078830408856,-0.03754490472134132,-59.49649211862435,92.45357882915516
1328.972217610703,-0.03709320371458483,-59.65702024693181,92.43577372823836
1333.883689263231,-0.03734975035988626,-59.70112381106695,88.41994351662859
1338.813312200995,-0.03654489328791541,-59.67957957644884,93.07600730018665
1343.761153505552,-0.03676028266448328,-59.52952675002685,91.10759261085329
1348.727280506367,-0.03666188743272945,-59.94133464515008,91.43546256265537
1353.71176078174,-0.03575268301364384,-59.41535357205041,90.8132132449426
1358.714662159713,-0.03681877366338003,-59.66592831786393,91.19062594199727
1363.736052719005,-0.03652517561396294,-59.60050235761567,92.96459378031122
1368.77600078993,-0.03728990953682966,-59.4405402960876,92.00613811705789
1373.83457495533,-0.0364485861096868,-59.33438378694468,92.40412070971419
1378.91184405151,-0.03656932042303835,-59.57119508392176,90.43321906169538
1384.007877169169,-0.03578979677162374,-59.25623155513818,90.98086245102036
1389.122743654349,-0.03674059937179916,-59.32611671229424,91.13586908693685
1394.256513109369,-0.03657406417608027,-59.07956176907197,91.77645275082668
1399.409255393779,-0.03691423447842865,-59.47022897152836,90.83292618363254
1404.581040625309,-0.03588860099786814,-59.25889476191971,90.4268248851855
1409.771939180819,-0.03633540912378246,-59.23642370532196,91.29342386235638
1414.982021697265,-0.03613560747151705,-59.34088880295338,91.5962810523685
1420.211359072651,-0.0371587928717594,-59.04796336907962,92.11664618991924
1425.460022467004,-0.03619268425974055,-59.03540885989486,91.94398315128024
1430.728083303328,-0.03703066274671352,-59.10910439011921,90.49593397694873
1436.015613268592,-0.0358655468439635,-59.18618536368867,90.53259351184647
1441.322684314694,-0.03654053291336459,-58.85315310500342,91.60680223333412
1446.649368659447,-0.0360369411494669,-58.88175407653819,91.52214898514241
1451.995738787553,-0.03694263526285886,-59.05245204757244,90.8069437351312
1457.361867451604,-0.03659567168510204,-58.89233463212864,91.84013854685281
1462.747827673054,-0.03692595762217077,-58.99223339595585,90.1913439051155
1468.153692743227,-0.03616209132784472,-58.5575760877964,90.23072655305421
1473.579536224309,-0.03620449803534367,-58.54184820735171,90.9365747128688
1479.025431950349,-0.03648088755061486,-58.59973649916669,91.57892213330285
1484.49145402826,-0.03656360463284292,-58.86890158289657,91.09519396305181
1489.977676838838,-0.03619160177351988,-58.73711230730042,90.29164357743628
1495.484175037762,-0.03634673475728763,-58.67074063707793,90.6751257213277
1501.011023556619,-0.03591027739252103,-58.58967091917742,89.82992171235826
1506.558297603915,-0.03617859280480841,-58.66719079997292,92.2645720556759
1512.12607266611,-0.03607572284190508,-58.71746912201982,87.86985396366686
1517.714424508634,-0.03680927812686362,-58.20954201659248,92.77455697522051
1523.323429176924,-0.0360997232417303,-58.65964252281283,92.31864246779645
1528.953162997458,-0.03652488402247687,-58.57763230475201,91.69457040621008
1534.603702578795,-0.03580523391990278,-58.30050183495275,91.85908342186957
1540.27512481261,-0.03588738445258646,-58.45381526759873,91.09837787071922
1545.967506874751,-0.03582125105169581,-58.14222117075109,90.98813034291067
1551.680926226282,-0.03690379041754831,-58.41104032449497,91.99290121566179
1557.415460614541,-0.03606423249988894,-58.21596257078251,92.38889398445171
1563.171188074193,-0.03635052212001968,-58.40047256865573,91.32621023913667
1568.948186928299,-0.03643266107353674,-57.93923307962088,91.69322295280303
1574.746535789374,-0.0357427255954658,-58.00131407413762,92.20918253665789
1580.566313560463,-0.03560591401858208,-58.10140334139179,91.68241876890683
1586.407599436212,-0.03650437368218052,-58.10922101039586,91.5776517454415
1592.270472903947,-0.03634066852345835,-58.0147725493449,90.80405249229686
1598.155013744751,-0.03721211731797528,-58.01924539431897,92.35952456118139
1604.061302034558,-0.03652164868632492,-58.23259450230393,92.14364944401474
1609.989418145234,-0.0360748185055671,-57.96548943221239,92.27380722990361
1615.939442745679,-0.03624218554543739,-57.85119454237788,90.87862252269174
1621.911456802914,-0.03607495775209265,-57.61208799629359,91.87278101730786
1627.905541583197,-0.03642205997715206,-57.69889716935979,92.24533145425897
1633.921778653114,-0.0358852448894359,-57.75888538638731,92.68427093923563
1639.960249880699,-0.03552371168649113,-57.75258590604453,91.29326277047845
1646.021037436546,-0.03608952782591143,-57.91821389927706,89.15220138003185
1652.104223794926,-0.03589504600989173,-57.64310383922218,92.60568390723544
1658.209891734906,-0.03579236784342925,-57.49304320321411,94.31841815528242
1664.338124341483,-0.03610763963176901,-57.75664145239411,92.46481479070523
1670.489005006709,-0.03632754704880178,-57.59020793149627,91.25021184063962
1676.662617430829,-0.03520777986570557,-57.4474129708853,93.55699659263536
1682.859045623413,-0.03445701275375755,-57.75036403131635,90.34767712657164
1689.078373904511,-0.0357943549987997,-57.42680272094435,92.81842693809668
1695.32068690579,-0.03587853455316661,-57.2607488519338,92.18391768137741
1701.586069571691,-0.03622370138746,-57.33005114351498,89.65248128842484
1707.874607160582,-0.03506397301424444,-57.60645620399576,93.19595854797701
1714.186385245923,-0.03611446734366192,-57.32420431479472,92.93054143608256
1720.521489717423,-0.03495791641056743,-56.9358824872035,93.03867276431305
1726.880006782215,-0.03526102746638148,-57.26539791396191,92.31476652918332
1733.262022966026,-0.03560832411993028,-57.13548231837595,91.6076617232618
1739.667625114359,-0.03553790978169373,-57.13041121577865,91.56976412255946
1746.096900393665,-0.03580664417555589,-57.33565583589612,92.34170420354421
1752.549936292542,-0.03565183693561549,-57.06079597828648,91.98356953257213
1759.026820622912,-0.03466424042345628,-57.06574640510215,90.90188268364423
1765.527641521229,-0.03453117028500086,-57.1346123000189,91.82072988208233
1772.052487449667,-0.03596075982083084,-57.06562254793138,92.91276477019744
1778.601447197335,-0.03448014463291375,-57.01314261979297,91.8641076433679
1785.174609881473,-0.03482399771103238,-56.71175555760766,91.40309025737793
1791.772064948674,-0.03398071141611576,-56.93067468562845,90.54448090177408
1798.393902176098,-0.0355978617556036,-56.85873878483142,91.22252289181642
1805.040211672693,-0.03550848290076533,-56.78418584575726,91.93192238562801
1811.711083880422,-0.03545169160364337,-56.70415606933884,90.97248017145472
1818.406609575494,-0.03480727348787666,-57.02042393452758,91.03201101619693
1825.126879869598,-0.03542220738835518,-56.84353241367727,91.87158060025166
1831.871986211146,-0.03536837503328433,-56.72908539719405,92.36930741986902
1838.642020386512,-0.03493475096287565,-56.60140339714501,92.48795595141678
1845.437074521285,-0.03498629690828527,-56.74911437838186,91.72989564914523
1852.257241081525,-0.03555896975416782,-56.52715526150956,90.54169151534666
1859.102612875012,-0.03513161593754244,-56.51024399978347,90.51998878586801
1865.973283052522,-0.03585961469057979,-56.61492619380698,92.87952927260912
1872.869345109081,-0.0358806710002464,-56.34000721387658,91.97383924701967
1879.790892885249,-0.03496837810135079,-56.43200994321673,91.8828975313256
1886.738020568388,-0.03478030012786346,-56.47439673812044,91.07503293023483
1893.710822693949,-0.03496343613543491,-56.40959342246195,91.74036233937179
1900.709394146759,-0.03468957715785267,-56.47613016014306,91.33142470726266
1907.733830162305,-0.0358638509850552,-56.24618926490835,89.99500773353671
1914.78422632804,-0.03390659282255045,-56.17135691258795,91.71504514235238
1921.860678584676,-0.03381598182853943,-56.16915179883438,92.59361744927929
1928.963283227492,-0.03418118006418219,-56.05400648986049,90.59881336586589
1936.092136907649,-0.03510496173960318,-55.94698009252691,91.4149122100863
1943.247336633494,-0.03492735028550519,-56.05547547124269,92.66132480366488
1950.428979771893,-0.03417759740171591,-56.30934374785633,89.73293387034605
1957.637164049545,-0.03524691958108244,-55.84074195375579,92.44465575093527
1964.871987554321,-0.03439589070931833,-55.93959853146244,92.0748085235235
1972.133548736593,-0.03349196709796947,-55.79394750599085,90.37250982182113
1979.421946410574,-0.03438301509968831,-55.96584608992001,92.37003652688486
1986.737279755665,-0.03424488027028147,-55.91119735311337,92.16573146791831
1994.079648317804,-0.03515549396295792,-55.71800016968673,92.50860688150303
2001.449152010818,-0.03447474687464724,-55.61089041065736,92.34068230490604
2008.845891117787,-0.0347134025501208,-55.86138891135324,90.1358490974485
2016.269966292407,-0.03393807542721197,-55.65788467922361,90.48441542196656
2023.721478560355,-0.03458601664875405,-55.56847299607355,92.41466522909774
2031.200529320671,-0.0346376673915897,-55.58634112542229,93.4446615668578
2038.707220347136,-0.03509769290225898,-55.64752231256617,91.84085975459395
2046.24165378965,-0.03511184443346548,-55.45336075053446,91.62789648592491
2053.803932175634,-0.03382172821501926,-55.44156315537882,91.83490065416089
2061.394158411414,-0.0342889131961165,-55.5476319936031,91.76710569256581
2069.012435783627,-0.03494816592190826,-55.50245958527064,92.02956109862976
2076.658867960628,-0.0349520704974752,-55.29567344725968,92.90560808739286
2084.333558993896,-0.03540264109254802,-55.24018166281727,91.96326898731971
2092.036613319453,-0.03437021846347842,-55.2687968521854,92.38033486940222
2099.768135759284,-0.03373699623271099,-55.43076428085479,91.85912901438293
2107.528231522764,-0.03455071777534259,-55.19975396452174,91.53126422341472
2115.317006208089,-0.03454913761514379,-55.28323704724621,92.48421911313937
2123.134565803713,-0.03437295833650029,-55.28549290965116,91.93734278161995
2130.981016689794,-0.03445880057874554,-55.15385829120117,92.90114770659636
2138.856465639632,-0.03501933458651772,-54.97740989207408,92.69592272526768
2146.761019821134,-0.03437856416061897,-55.08476099921573,91.43244462448064
2154.694786798265,-0.03401953777741355,-54.97897816765688,92.18718099319113
2162.657874532511,-0.03407910342416266,-55.15305424944889,92.66934461230497
2170.650391384352,-0.03390201866800788,-54.82227401085755,92.71665864213564
2178.672446114736,-0.03380512825782033,-55.11485326666137,91.76282737953284
2186.724147886557,-0.03368673770606518,-54.73028848513924,91.42409727135777
2194.80560626614,-0.03400388213359899,-54.82538268248816,92.14652119271716
2202.916931224735,-0.03399939494844172,-54.7241135314865,92.14957772426853
2211.058233140012,-0.03386843071487575,-54.84429151610626,91.03974051114466
2219.229622797562,-0.03371873608978179,-54.68454960080422,92.68753215341746
2227.431211392407,-0.03370876466714511,-54.83982556458513,91.73464748868808
2235.663110530507,-0.03412732149167232,-54.74795141749529,93.23381093112982
2243.92543223029,-0.03305823312083621,-54.68453601047443,90.8461367974445
2252.218288924163,-0.03460761915691003,-54.52099536472191,91.31964732202226
2260.541793460055,-0.03357380320273818,-54.54489499494726,92.66084999074957
2268.896059102939,-0.03370564080063352,-54.42504603269172,92.57904063680726
2277.281199536388,-0.03394968792995898,-54.41987773163716,91.8937147998712
2285.697328864107,-0.0334700970221396,-54.25267080308666,91.2750637104006
2294.144561611499,-0.03270902020602581,-54.37627778678908,91.55998395646996
2302.623012727213,-0.03401322425724106,-54.14356323192227,91.94208869683087
2311.132797584719,-0.03367387618483582,-54.15778021795482,92.46757831550192
2319.674031983863,-0.03405654650038253,-54.0677798080289,93.39762005910779
2328.246832152461,-0.03361690721721726,-54.29318516847896,92.03652252727987
2336.851314747862,-0.03356057408226883,-54.06110238947055,92.45950305207354
2345.487596858554,-0.03431539214716697,-54.32013604285477,92.43053049237621
2354.155796005739,-0.03370079729405209,-54.04400850092743,92.21060497540459
2362.856030144949,-0.03288817991327352,-54.03560282586726,91.80039821655791
2371.588417667635,-0.03389462365439972,-54.01174743599839,92.22278172990694
2380.353077402796,-0.03252592505437948,-53.88709416001522,92.23528178967652
2389.150128618576,-0.03280377175971678,-53.87726117238847,92.70184045214354
2397.979691023907,-0.03291702961527489,-53.73398127023567,91.58229833696279
2406.84188477012,-0.0327344266771446,-53.68990090350799,92.23288574680626
2415.736830452596,-0.03373023498326747,-54.00054625316925,91.698401058713
2424.664649112391,-0.03305243384639357,-53.7185371475546,91.41446002434361
2433.6254622379,-0.03304171544603304,-53.74149825693787,92.49633597629342
2442.619391766494,-0.03331256455371309,-53.75001482328993,92.53125145580952
2451.646560086195,-0.03273781963631055,-53.50834525852513,92.62230481721286
2460.707090037324,-0.03376632813179439,-53.61610377277978,91.73935712487759
2469.801104914191,-0.03274033868344049,-53.43060310382747,91.60698029211187
2478.928728466754,-0.03347490389019479,-53.47607874517696,91.64297038488108
2488.090084902326,-0.03317842138651485,-53.51657329665643,92.00091918168209
2497.285298887236,-0.03298014287483828,-53.33345183748165,92.08486365750275
2506.514495548557,-0.03220236025917054,-53.36249515508776,92.28288877525083
2515.77780047578,-0.03337339282388092,-53.34285125131612,92.61332108054624
2525.075339722546,-0.03264057871348092,-53.39082191423869,92.67344229746415
2534.407239808343,-0.0321124415283898,-53.19283389804089,91.06396134984777
2543.773627720245,-0.03288389083254122,-53.11353446396104,92.36123109731568
2553.174630914621,-0.03240539529809061,-53.15894834281087,92.97610810217861
2562.610377318888,-0.03170638037780055,-53.15355712258408,91.54929995683592
2572.080995333238,-0.03211305069639813,-53.19412026937449,92.46286222272889
2581.586613832395,-0.03267200532442711,-53.02708909268784,92.12195111433509
2591.127362167359,-0.03235660159616245,-53.08510985923908,91.56632687270402
2600.703370167176,-0.03118925695306915,-52.87545245544715,91.96991705506287
2610.314768140697,-0.03175204657553047,-52.97663081605948,92.1727853924462
2619.961686878358,-0.03276108167319091,-52.82311943102843,91.50693028746376
2629.644257653949,-0.03196706476341737,-52.8639029768979,91.03039866926912
2639.362612226419,-0.03187890819321864,-52.74829317506029,91.91240150112647
2649.116882841644,-0.0323924066592528,-52.63762094963482,91.83088634865192
2658.907202234252,-0.03219717067141862,-52.70987006682596,91.54862450017707
2668.733703629408,-0.03188765051891341,-52.68647302756978,91.62735049618593
2678.596520744643,-0.03325222998882155,-52.6054414765285,92.81195000005071
2688.49578779166,-0.03240382491315082,-52.52681332553227,92.17699283989786
2698.431639478177,-0.03200640020506588,-52.32451588212425,92.15414064677617
2708.404211009738,-0.03212010008430226,-52.2695319897753,92.05562528081869
2718.413638091576,-0.03307270555555858,-52.49563969873658,91.95281351841112
2728.46005693044,-0.03272829551647652,-52.29612935940632,91.69789132926066
2738.543604236464,-0.03187854951352487,-52.25910350333031,92.47815522871879
2748.664417225015,-0.03178392344558315,-52.32704925580236,91.48574400238529
2758.822633618572,-0.03240517996830811,-52.18386674648691,92.94496269659045
2769.018391648586,-0.03139511722513164,-52.0606300559902,92.59146240423128
2779.251830057375,-0.03185050728040952,-52.16966119445456,91.70305357905983
2789.523088100002,-0.03116295534746383,-51.98526654748997,92.20915729718359
2799.832305546179,-0.0312549164961936,-52.08829939674075,92.54022934769225
2810.179622682156,-0.03211546820100475,-52.11697261914945,92.20280243433588
2820.565180312645,-0.03110855072694952,-51.90306487345946,91.93025918110658
2830.989119762725,-0.03115719781113575,-51.91386779924816,91.77600538073841
2841.45158287977,-0.03142903288865462,-51.90899398907111,92.16378581597439
2851.952712035378,-0.03213967658725166,-51.76849235731856,91.84733433508086
2862.492650127308,-0.03158321509097885,-51.74354815986359,92.39522393497388
2873.071540581427,-0.03100312015201346,-51.80683922543337,91.66579809372607
2883.689527353655,-0.0312791221140791,-51.61986168938409,91.22832482079318
2894.346754931936,-0.03124551203499216,-51.74576735882916,91.64442920162043
2905.04336833819,-0.03072610000173071,-51.63102070101813,91.82684989671503
2915.779513130298,-0.03115955342198078,-51.68711461224366,91.79258041387517
2926.555335404076,-0.03068606104675877,-51.53879333342787,92.33349218483636
2937.370981795264,-0.03095852130543563,-51.37812652496032,91.67155044790468
2948.226599481527,-0.03023762720226252,-51.45773571557879,91.58877264392302
2959.122336184446,-0.02999576347590402,-51.39089059827572,91.65471045597673
2970.058340171544,-0.03117344657888416,-51.24316303652671,92.34255794716262
2981.034760258287,-0.03108091593670396,-51.32777222907592,91.92206044052382
2992.051745810124,-0.03045329018191206,-51.25591411415292,91.80382221708879
3003.109446744507,-0.03041058558028786,-51.27063815466264,92.25332587697375
3014.20801353294,-0.03090027603176661,-51.112514492246,92.00687681661685
3025.347597203023,-0.03018303429071762,-51.11384793831331,92.26573044256716
3036.528349340505,-0.03076471760201855,-51.10609619199107,91.40849951220764
3047.750422091354,-0.02949642484215489,-51.07480667508262,91.48142893435654
3059.013968163817,-0.03108947443466127,-50.9964905229095,92.24175099934129
3070.319140830507,-0.03050911322168649,-51.02026560435312,92.40737700711097
3081.666093930486,-0.03086259332571112,-51.01632623217426,91.81003756538868
3093.054981871354,-0.03018605856886163,-50.79708187936163,91.430413644886
3104.485959631359,-0.03114060481713379,-50.76004039078671,92.26115586656006
3115.959182761496,-0.03137676168096069,-50.74205197534105,91.65645324248369
3127.47480738763,-0.03037297290342875,-50.62572627542689,92.12568015185755
3139.032990212623,-0.03047466536749716,-50.6159864766958,91.73500744227374
3150.633888518455,-0.03061571556192358,-50.65592127852579,91.65503693937228
3162.27766016838,-0.03088232107937491,-50.4765598053329,91.44663658966984
3173.964463609058,-0.03113659875693428,-50.49414808308419,90.91405154476712
3185.694457872726,-0.02973739868407977,-50.48931434012363,91.70389414276542
3197.46780257935,-0.03046795829785028,-50.37077983740452,91.95996193607346
3209.284657938804,-0.03055299692680057,-50.31947166422883,91.30064897851868
3221.14518475305,-0.03031528246882296,-50.26415452979941,91.89826894796354
3233.049544418322,-0.03001385359868603,-50.18500474122145,91.87974828508763
3244.997898927325,-0.02849132889898573,-50.1914019794265,91.67910548688292
3256.990410871441,-0.03056425971239951,-50.08655131781624,92.399421041268
3269.027243442937,-0.03032984070970932,-50.20943241990653,91.16650655865807
3281.108560437191,-0.02904442987286976,-50.10942212534257,91.08916371203412
3293.234526254917,-0.02929039287873521,-49.99806596477488,90.9908763004818
3305.405305904401,-0.0295543758607919,-49.9235638946999,91.65892824923722
3317.621065003754,-0.03080310402061161,-49.9297954179288,91.89622709860433
3329.881969783155,-0.02942190083535651,-49.87768582871119,91.51494803809395
3342.188187087124,-0.03009339723038651,-49.83077571888692,91.88574428057331
3354.539884376782,-0.02846542634750436,-49.8513001823885,91.16554802085295
3366.937229732135,-0.02878272928574041,-49.69450542265384,90.92401690273846
3379.380391854366,-0.02954703548145785,-49.65848102777887,91.574965227814
3391.86954006812,-0.02989084172607557,-49.49834420536892,91.80151895104095
3404.404844323816,-0.02887986834028185,-49.51369412483476,91.55720226143242
3416.986475199958,-0.0288650153611616,-49.5372211090779,91.01910382527331
3429.614603905453,-0.02873623354018907,-49.50047033110838,91.22249104793923
3442.289402281947,-0.0282899788179369,-49.48077253800545,91.37684287235798
3455.011042806157,-0.02867139706901072,-49.44770895343004,91.42121445749842
3467.779698592221,-0.02918539245125194,-49.39894343509781,91.22581390316714
3480.595543394054,-0.02890629725268933,-49.23826147256865,91.54479080645078
3493.458751607714,-0.02970636730590813,-49.17348607989283,91.43393811726949
3506.369498273769,-0.02941446140526664,-49.08353238473475,91.69116069831716
3519.327959079685,-0.02831014355159071,-49.14670844417944,91.06108786317147
3532.334310362216,-0.0294154562450178,-49.06023849699481,91.1635829108538
3545.388729109799,-0.02868953372068805,-49.04253292095877,90.76863878123396
3558.491392964972,-0.02908086441628906,-48.87584921737336,91.35069203013448
3571.642480226777,-0.02910933559841879,-48.92004931504221,91.44649279258829
3584.842169853197,-0.02805264624239984,-48.70445297826897,90.87131601715902
3598.090641463594,-0.02832652557844656,-48.64754559616347,91.33100202459119
3611.38807534114,-0.02832432813138599,-48.73974824539845,90.42357565683963
3624.734652435283,-0.02827552607356245,-48.68992408970303,91.67322655055553
3638.130554364203,-0.02821626316860691,-48.61812807649191,91.10162861066038
3651.575963417283,-0.02742793453838659,-48.52537193015419,91.07745432492123
3665.071062557595,-0.02761217853993954,-48.57681555222036,90.2784132909415
3678.616035424383,-0.02880941044798169,-48.42328263080199,90.93596532551733
3692.211066335566,-0.02837594828684287,-48.32348592404897,91.32635157569115
3705.856340290247,-0.028519603525619,-48.38003062455314,91.16690951702238
3719.552042971224,-0.02760603958035912,-48.21299559763447,91.23043216129645
3733.298360747528,-0.02729331090314369,-48.26067198109287,90.46504173795427
3747.095480676946,-0.02760450059520532,-48.21129628127764,90.8414322908115
3760.943590508579,-0.02830929199435278,-48.15671537792861,91.2505131646256
3774.842878685384,-0.02830578572289653,-48.16854382351244,90.87860594006621
3788.793534346751,-0.02818119600505563,-48.04191763168473,90.53956926339433
3802.795747331068,-0.02706508601397534,-48.02318089157214,90.9572069505774
3816.849708178308,-0.02830129179988244,-47.91265792593969,90.75128434663353
3830.95560813262,-0.02830484136456269,-47.88815961052529,90.76950011753254
3845.113639144935,-0.0276026846688926,-47.73190253595903,90.82114654662611
3859.323993875571,-0.02696179589062212,-47.77731400443458,90.70856859837487
3873.586865696864,-0.02709835596866151,-47.6768671955321,90.47782735053897
3887.902448695791,-0.0271088416178635,-47.68771200774371,90.75890733230366
3902.270937676617,-0.02706098397351199,-47.65590070637982,90.81854137597628
3916.692528163542,-0.02816465733800282,-47.52381689960718,90.72270316500385
3931.167416403364,-0.02752609294168893,-47.45899091219989,91.14604085774116
3945.695799368149,-0.02638010196600721,-47.45463399435107,90.78231915429359
3960.277874757907,-0.0270204598749418,-47.35477341768333,90.6968075861931
3974.913841003294,-0.02731895483324109,-47.19299976288262,90.83344491660876
3989.603897268297,-0.02701987329523274,-47.20621535068686,90.72451143035184
4004.348243452956,-0.0264039743908966,-47.15559407562539,90.64728304033089
4019.147080196082,-0.02665753693776517,-47.11757268009705,90.8175898475296
4034.000608877978,-0.02678919909007091,-47.03733861799711,90.37420766530641
4048.909031623191,-0.02642740934040731,-47.0313060028445,90.66820159109596
4063.87255130326,-0.02654036420106903,-46.97055862776484,90.34220248410504
4078.891371539469,-0.02654312925664877,-46.9007818605938,90.87827528020809
4093.96569670563,-0.02702086125146377,-46.75805543178421,90.68720051887851
4109.095731930853,-0.02679920983203154,-46.80627121293326,90.75433881731971
4124.281683102341,-0.02643855683250693,-46.66725628863632,90.18215828155516
4139.523756868199,-0.02680665300009341,-46.57252216479009,90.81013375470113
4154.822160640232,-0.02747700342150992,-46.56878634714126,90.66146105737656
4170.177102596782,-0.02591439430541322,-46.47316980344029,90.77875780887535
4185.588791685549,-0.02646737618568777,-46.49322007646213,89.67274665917625
4201.057437626441,-0.02619049642189188,-46.3615181901073,89.99160411086072
4216.583250914427,-0.02612606836361938,-46.29638105042353,90.3330879760905
4232.166442822398,-0.02737536278822522,-46.23933300450764,90.11028211890488
4247.807225404048,-0.02618796463432383,-46.09699443679904,90.01868511358515
4263.505811496754,-0.02600832052272051,-46.08832185715783,89.99795111340397
4279.262414724473,-0.02541987017683349,-46.01974666595788,89.70245463698484
4295.077249500653,-0.02514198210983979,-46.02360485407814,90.17674666755204
4310.950531031148,-0.0256251631291473,-45.90651293044537,90.19331205303348
4326.882475317143,-0.02586164047725167,-45.83479933675128,90.00608559825076
4342.873299158102,-0.02548871097540436,-45.76604811908659,90.60389725093845
4358.923220154707,-0.0257873829555132,-45.63706767390527,89.89704401465791
4375.03245671183,-0.02517074022635889,-45.63770057551685,89.52301420100636
4391.201228041498,-0.02434689141902197,-45.51640226818166,89.81395145506485
4407.429754165879,-0.02491343996674281,-45.43801615312283,89.59969782178746
4423.718255920274,-0.02560707895229665,-45.40534367575268,89.75338669614813
4440.066954956123,-0.02626602489553014,-45.34657575398414,89.91592147860557
4456.476073744024,-0.02469533324501567,-45.36095847888643,89.93390499704967
4472.945835576753,-0.02484443682527123,-45.24989890583414,89.41955134476029
4489.476464572313,-0.02472095442496946,-45.11761678078015,90.14133661046164
4506.068185676972,-0.02414181699182774,-45.10865355192706,89.55421669239875
4522.721224668336,-0.02601453235502562,-45.08606719924386,89.74743345322868
4539.435808158411,-0.02763604274120545,-44.96138062659486,89.51633518667477
4556.212163596694,-0.02512105275283642,-44.88469883371913,89.69942208160239
4573.050519273263,-0.02516063277887618,-44.76998468095579,89.92172369624848
4589.951104321888,-0.02524788834021331,-44.70325635675053,89.30100781170012
4606.914148723145,-0.02495120130094426,-44.55671804919792,89.45042729475151
4623.939883307547,-0.02352933053016947,-44.52151128217162,89.54614485776715
4641.028539758685,-0.0263843884210134,-44.48803390539733,89.30076463136376
4658.180350616386,-0.02496849594374574,-44.43926653421549,89.48722840330207
4675.395549279866,-0.02408066494540584,-44.34199956561577,89.49030190394319
4692.674370010918,-0.02430205204306427,-44.2434782774076,89.56548221371487
4710.017047937091,-0.02400823918673227,-44.20463143849481,89.56980881581032
4727.423819054891,-0.02373843145544431,-44.13534692616587,89.28900049580103
4744.894920233001,-0.02445289876085047,-44.04865257824541,89.3813900559463
4762.430589215492,-0.02730382981759771,-43.94002091703041,89.20581661113664
4780.031064625065,-0.02407897248684992,-43.86271653047747,89.21181413092937
4797.696585966301,-0.02392185902103269,-43.769469124253,88.8356373308728
4815.427393628906,-0.0241683313506107,-43.6763364453189,89.21331532184942
4833.223728891006,-0.02332466336572672,-43.69435960958963,89.03165292262446
4851.085833922403,-0.02450376007887265,-43.49293467122262,88.97330850470917
4869.013951787897,-0.02527585979574829,-43.44456455399234,88.92207234968274
4887.008326450569,-0.02318508001891855,-43.36765373693164,88.9962025104725
4905.069202775118,-0.02265230562745121,-43.31078984234245,89.08327136188838
4923.19682653119,-0.02285150081431975,-43.24674161709103,88.75616342773291
4941.391444396711,-0.02285391613051849,-43.17277195113088,88.84852804015026
4959.653303961264,-0.02192282284372736,-43.01511856543881,89.006478483319
4977.982653729439,-0.02388963698521816,-42.98006426538655,88.70391278976363
4996.379743124222,-0.02664033149697084,-42.92463048447664,89.13448632363992
5014.844822490394,-0.02280548025837442,-42.80799377956448,89.22131402902821
5033.378143097931,-0.02231179512715968,-42.67639201308537,88.65409549698137
5051.979957145424,-0.02187994995906643,-42.59449011356934,88.66343087757365
5070.650517763515,-0.02224717590830489,-42.52464766903734,88.63278638377915
5089.390079018335,-0.02222689440325214,-42.43510421693875,88.53007208171523
5108.198895914971,-0.02319659721003763,-42.33958613993558,88.23462845483766
5127.077224400924,-0.02589317771218499,-42.24009271268181,88.53154957789837
5146.025321369602,-0.02205568275158373,-42.2104281546541,88.33387888088913
5165.043444663812,-0.02245398227861697,-42.05768828666719,88.26357263564712
5184.131853079262,-0.02182434820981838,-41.96316779666738,88.34605682481697
5203.290806368101,-0.02138212443073915,-41.8594301780024,88.05454946024078
5222.520565242429,-0.02070650712399255,-41.76377724469386,88.13390428064062
5241.821391377868,-0.02102579461507804,-41.7305077101103,88.12147625932823
5261.193547417104,-0.02503006958523622,-41.57388636341787,87.99948756475175
5280.637296973479,-0.02175906092258585,-41.50062456580171,87.75570809292606
5300.15290463456,-0.02209752765522673,-41.37955260859795,87.62576303266478
5319.740635965752,-0.02164427531486343,-41.24988140453141,88.09379243232107
5339.400757513907,-0.02079702270240387,-41.17436446820142,87.92713113146254
5359.13353681095,-0.02056907335866294,-41.1101363942503,87.82702556047373
5378.939242377528,-0.0209950413495636,-40.96803941800428,87.8825713504545
5398.81814372665,-0.02406840948845999,-40.87933469708802,87.70527232668834
5418.770511367366,-0.02772742902503617,-40.75232652323599,87.63841658944688
5438.796616808445,-0.02205574744438225,-40.66096005303221,87.4894693770639
5458.896732562063,-0.02136688514356331,-40.59107571458061,87.52069198563673
5479.071132147526,-0.02030208411963096,-40.47975696990659,87.58453589622957
5499.320090094974,-0.02061827549660988,-40.35492152127869,87.44683062698451
5519.643881949132,-0.02118152031474889,-40.26740039174204,87.20225588524218
5540.042784273051,-0.02280059221099244,-40.08798320317322,87.34985188598949
5560.517074651872,-0.02523373875420606,-39.98308409983473,87.19499916550885
5581.067031696612,-0.02125929130904221,-39.87205033652862,87.04849793828633
5601.692935047939,-0.0214443789544827,-39.74643431095104,86.69451810277513
5622.39506537999,-0.02043945258280218,-39.60353186993147,86.88823269140028
5643.173704404193,-0.01910297367400288,-39.46718443283508,86.69618475038966
5664.029134873086,-0.01984179198493265,-39.37614253005179,86.56803315259839
5684.961640584181,-0.01933252659816824,-39.23871609381135,86.6059994711259
5705.971506383812,-0.02264201161993807,-39.13745930372845,86.59237296743333
5727.059018171018,-0.02601090570049586,-38.9424403289978,86.16088922680147
5748.224462901437,-0.02068686022603842,-38.82507632746186,86.19210300340046
5769.468128591202,-0.01983262741270766,-38.71415382562429,86.22836650799434
5790.790304320869,-0.01905962424410709,-38.54643068539528,85.72735346594048
5812.191280239341,-0.01924578065242775,-38.39975892424883,86.00785290590555
5833.671347567826,-0.0186624130683243,-38.24827830801863,85.74752340261023
5855.230798603798,-0.02128791831547436,-38.09620648741236,85.74256584872018
5876.869926724965,-0.02224058301627079,-37.93930541321322,85.55041459415722
5898.589026393277,-0.02648789836291595,-37.81680364813,85.31681327346121
5920.388393158919,-0.01888353517008399,-37.61798384404216,85.29464562892593
5942.268323664337,-0.01869495718532864,-37.43394817451642,85.1566695541772
5964.229115648284,-0.01902399729758049,-37.28203223111564,84.7642545152774
5986.271067949854,-0.01910005802044824,-37.0982828863288,84.69166266664774
6008.394480512567,-0.0190163700074908,-36.92904948081026,84.4113111640624
6030.599654388433,-0.01826738015746996,-36.73397008636778,84.15786164110733
6052.886891742067,-0.02180199299964087,-36.53605691947603,84.01807109864205
6075.256495854783,-0.02532623468706745,-36.36600638801193,83.8718896137392
6097.708771128731,-0.03255175299326192,-36.13418747362283,83.58324989905287
6120.244023091043,-0.01870638914632811,-35.95034887129005,83.286529990867
6142.862558397979,-0.01912734318636026,-35.73357159673084,83.11510115742779
6165.56468483911,-0.0177734406146418,-35.51347335520599,82.77636145956919
6188.350711341498,-0.0183110440943951,-35.27080049810338,82.41846367231884
6211.220947973907,-0.0176446873129377,-35.01108804306326,82.11222113793693
6234.175705951021,-0.02080935608366209,-34.77459172573329,81.69516260892789
6257.215297637673,-0.02366293426476034,-34.48607901174418,81.28493783114672
6280.340036553106,-0.02911641320575764,-34.21230899969697,80.90327550627542
6303.550237375231,-0.01821263061618711,-33.94528519100052,80.44511099381944
6326.846215944904,-0.01838688439181672,-33.63031092858544,79.82169928934242
6350.228289270245,-0.01815824402923993,-33.3421903603182,79.16097919449898
6373.696775530933,-0.01717424008192219,-33.02765791592279,78.44843220404735
6397.251994082537,-0.01826975899398635,-32.65364363767682,77.68115184679041
6420.894265460867,-0.01884282615907248,-32.27897734618278,76.78730601068764
6444.623911386338,-0.01980226576538317,-31.87468995471294,75.72703663747119
6468.441254768342,-0.02488076350457062,-31.4474972613578,74.46338737000502
6492.346619709646,-0.03173531776723647,-30.99290550710778,73.00048543004033
6516.340331510798,-0.01842342323072756,-30.47279635721243,71.15437191533215
6540.42271667456,-0.01798071637268218,-29.90558565877354,68.8798960251232
6564.594102910345,-0.01729803898482712,-29.27852403689893,66.02316914197723
6588.854819138681,-0.0176005645914528,-28.57225811079101,62.29165548667685
6613.205195495685,-0.01713739218053774,-27.79184237544324,57.48295619517997
6637.645563337552,-0.02031048519190274,-27.00002809611178,51.23402045399
6662.17625524507,-0.02250846070402925,-26.30021495908444,44.26666456535466
6686.797605028144,-0.0273314324226261,-25.71974682180542,36.91093913854007
6711.509947730336,-0.03488722044743055,-25.32319072635486,29.85649748054168
6736.313619633425,-0.02064365197400887,-25.03209009009493,23.16326649474233
6761.208958261986,-0.02050543361785503,-24.83872164562524,17.06942216155116
6786.196302387978,-0.01977808984845623,-24.73977246575419,11.33320190357834
6811.275992035359,-0.02027812868015353,-24.68597871256572,6.045099230413456
6836.44836848471,-0.02077595744146939,-24.68546166848887,1.144713861687777
6861.71377427788,-0.02083946540368087,-24.72025690344919,-3.378001129666913
6887.072553222647,-0.02303310451301827,-24.78501492091651,-7.629050880617797
6912.525050397396,-0.02629047623117,-24.8846673875489,-11.59740087848037
6938.071612155815,-0.03348215979420804,-24.99459188880266,-15.34874483001315
6963.712586131612,-0.02957728903669037,-25.12526320368086,-18.84237884837025
6989.448321243236,-0.02014714299732431,-25.26891014753225,-22.17927731667379
7015.279167698637,-0.01887652957307706,-25.41430667142141,-25.22412604921831
7041.205477000021,-0.01875411579190827,-25.58380489831711,-28.16669622297913
7067.22760194864,-0.01791816928293824,-25.75738628964799,-30.96037050473269
7093.345896649592,-0.01897540986171,-25.94084517565392,-33.63371304833642
7119.560716516636,-0.01892362932881758,-26.12838894836168,-36.14636894724698
7145.87241827703,-0.0226766914325158,-26.32637937419904,-38.4608297289642
7172.281359976389,-0.02774208232651388,-26.52233463820258,-40.75586441390044
7198.787900983552,-0.03241053782194901,-26.72249688038157,-42.85602163041055
7225.392401995475,-0.02492607203917773,-26.93197774466391,-44.83389384818999
7252.095225042139,-0.01740934106362901,-27.14751473535735,-46.78315018430037
7278.896733491476,-0.01706416574538075,-27.36468556032616,-48.55789709954894
7305.797292054314,-0.01694757990896732,-27.58076827509912,-50.33096628471123
7332.79726678934,-0.01692597229066598,-27.7949194621602,-51.96273731979697
7359.89702510808,-0.01658097590419833,-28.01363699198767,-53.53842228440226
7387.096935779901,-0.01735991180381966,-28.23278500327032,-55.04202407008142
7414.397368937027,-0.02140929304579886,-28.45395115697595,-56.41607990381061
7441.798696079578,-0.02605966522950566,-28.67475295221617,-57.71574840328701
7469.301290080622,-0.02841820122083982,-28.87678352641421,-58.92391327397996
7496.905525191252,-0.02246593622768004,-29.10331232024432,-60.20137977917445
7524.611777045677,-0.01536096211633343,-29.30186544212105,-61.399018705204
7552.420422666336,-0.01669817325311243,-29.52807478369035,-62.48341379342349
7580.331840469025,-0.01577331482523349,-29.72061624832162,-63.50470983200032
7608.34641026805,-0.0148336804039648,-29.95290927135753,-64.47092046420104
7636.464513281389,-0.01496965214542022,-30.15469336174163,-65.39349972039956
7664.686532135889,-0.0154783734596244,-30.37158124465146,-66.24103383226414
7693.012850872467,-0.01901292377591222,-30.57418494643843,-67.16242601262218
7721.443854951336,-0.02370260370145174,-30.78939508241222,-68.00159456649597
7749.979931257251,-0.02944263156967624,-30.98609656581815,-68.66598840088015
7778.621468104774,-0.02177866827596993,-31.19901074664476,-69.3861804329227
7807.368855243556,-0.01733405022308442,-31.41221699735858,-70.17811336577151
7836.222483863648,-0.01381018833718299,-31.60191757789701,-70.89234159032782
7865.182746600812,-0.01352399816115024,-31.81722056830548,-71.47784399428441
7894.250037541877,-0.01272102999450405,-32.01693034507747,-71.89294453917489
7923.424752230089,-0.01338015003330374,-32.19723584656687,-72.60506065394867
7952.707287670507,-0.01408802640852077,-32.37894978474303,-73.10777765215849
7982.098042335393,-0.01477087104277021,-32.58307326988157,-73.59585020988652
8011.597416169641,-0.01877424137829897,-32.7623685340936,-74.1802556004713
8041.205810596221,-0.02508827667979113,-32.97060293993341,-74.67326646293475
8070.923628521634,-0.02483837035814697,-33.14027139396904,-75.06771895888542
8100.7512743414,-0.01846937189927488,-33.34038731554415,-75.64463763024871
8130.689153945563,-0.014799067608905,-33.52144069892658,-76.04014621200838
8160.73767472421,-0.01344993938736868,-33.68663277239571,-76.36593042785309
8190.897245573016,-0.01379060735081088,-33.84620342496455,-76.6408082934413
8221.168276898808,-0.01208774439736552,-34.07122117564394,-77.08155545682183
8251.551180625151,-0.01110464059931955,-34.22842431266965,-77.42955353259121
8282.046370197952,-0.01117661624919586,-34.42073839953925,-77.82482668428698
8312.654260591085,-0.01414555061580901,-34.57894736233093,-78.16071261520221
8343.375268312044,-0.01654766723583331,-34.77636220496789,-78.30200731939324
8374.209811407603,-0.02311018666320913,-34.94857516003538,-78.5822215885192
8405.158309469509,-0.02381860229041718,-35.1145012728101,-78.89308092902185
8436.221183640188,-0.01737925750349632,-35.26697335679655,-79.16131994692252
8467.39885661848,-0.01394033826031709,-35.41047483562238,-79.34940913300551
8498.691752665394,-0.01233628943433075,-35.602294629877,-79.74092584346521
8530.100297609873,-0.01178927806893264,-35.71033794019844,-79.83431973429424
8561.624918854592,-0.0109722956905365,-35.8953300815171,-80.00002461792897
8593.266045381775,-0.01164106928318593,-36.07882289401546,-80.46417098252766
8625.024107759033,-0.01162798438571467,-36.22344673507144,-80.74407354073202
8656.899538145221,-0.01247443605208911,-36.3589955019407,-80.83510640410293
8688.892770296321,-0.01429054658418097,-36.50394038999398,-80.89652989313919
8721.004239571344,-0.01864330371530488,-36.6478129836572,-81.20356226219509
8753.234382938252,-0.02632521472655469,-36.79783219204422,-81.23391896288399
8785.583638979906,-0.01969025294851127,-36.93450636067166,-81.43731405864941
8818.052447900036,-0.014623282680351,-37.09893732495448,-81.89720478168847
8850.641251529227,-0.01141171112220803,-37.24206484695878,-81.89651852362582
8883.350493330934,-0.01122911251498203,-37.37614175082713,-81.84010339884676
8916.180618407519,-0.01024114331154177,-37.48278436013427,-82.08774186504904
8949.1320735063,-0.01119844758945923,-37.66146549041271,-82.23883078727812
8982.205307025641,-0.009836711191194194,-37.77699804643864,-82.49637745409478
9015.400769021044,-0.01003114454399603,-37.92691330506197,-82.56269096595628
9048.718911211279,-0.01098463573706795,-38.01457441094739,-82.67887677730766
9082.160186984529,-0.01312327039080053,-38.15610154794297,-83.05616190742599
9115.725051404561,-0.0169220825329369,-38.29150212685014,-83.12489836732139
9149.413961216917,-0.02484761992339325,-38.40062293460584,-83.22245769983556
9183.227374855125,-0.01970729949494524,-38.53356551575486,-83.40021741974687
9217.165752446954,-0.01341170859000547,-38.61876448121799,-83.22312989668231
9251.229555820648,-0.01133177178656191,-38.75280613514952,-83.20842699977582
9285.419248511238,-0.009451458868424292,-38.92256420207514,-83.43193744512394
9319.735295766832,-0.009048655277726584,-39.0015977765696,-83.42595752786218
9354.178164554951,-0.009030657768140871,-39.10554609336366,-83.66214415918751
9388.748323568889,-0.009352170695463463,-39.26336562412533,-83.91013376196507
9423.446243234081,-0.008755375856435262,-39.36407687821315,-84.12823100545211
9458.27239571451,-0.008609760863452718,-39.48961301822649,-83.87297996421154
9493.227254919135,-0.01042081050388801,-39.57994181573363,-84.22743264480596
9528.311296508331,-0.0130810167343606,-39.68513116459683,-84.26283186241133
9563.524997900371,-0.018176159635529,-39.7947796776368,-84.06504925121641
9598.86883827792,-0.02355469997503406,-39.87254550473027,-84.41944220082141
9634.343298594553,-0.0161877394678763,-40.02882084738126,-84.44083290427588
9669.948861581295,-0.01094617485597887,-40.1227483766235,-84.17284414104604
9705.686011753205,-0.009797554289011044,-40.28062492243194,-84.59617131495752
9741.555235415957,-0.00816262256268121,-40.3010266719745,-84.18563311989236
9777.557020672462,-0.008985006175282428,-40.45029673643947,-84.60923872328689
9813.691857429505,-0.008388861539479603,-40.52414179822851,-84.65451134637557
9849.960237404419,-0.00778995197229693,-40.62483792267137,-84.63697765566769
9886.362654131772,-0.008532620812775598,-40.74682987456134,-84.84072156479112
9922.899602970083,-0.007344928132799057,-40.79885579227803,-84.78763078638293
9959.571581108565,-0.009403311497553215,-40.91776209455468,-84.77580808083417
9996.379087573885,-0.01083548825012358,-41.012087976362,-84.84655904440602
10033.32262323696,-0.01616031897073268,-41.10452902934014,-85.17691362284
10070.40269081978,-0.02356779781013935,-41.27590311867767,-85.34371167635483
10107.61979490223,-0.01595356654463259,-41.328003360368,-85.24469095817958
10144.97444192897,-0.0122739209256277,-41.4101061444937,-85.40439553491018
10182.46714021632,-0.007899178033242686,-41.50990492965278,-85.15406273380862
10220.0983999592,-0.007302378448024175,-41.6129049096113,-85.58390228638694
10257.86873323801,-0.00681110711213075,-41.72427517464104,-86.06325415544849
10295.7786540257,-0.007336029714756174,-41.78617726993902,-85.2831553978192
10333.82867819464,-0.00769994919192436,-41.87069246759578,-85.60046182775727
10372.01932352377,-0.006180522376930715,-41.96772324247212,-85.63127296302567
10410.35110970554,-0.006765738668813397,-42.01780630597946,-85.33874618735105
10448.82455835302,-0.005759882720203136,-42.10293646332205,-85.55948141341501
10487.44019300704,-0.007268366445973509,-42.20169455206589,-85.61003824932646
10526.19853914323,-0.01068829978009674,-42.31093236522621,-85.68508347356958
10565.10012417924,-0.01547782814744323,-42.33133985059418,-86.10931697001497
10604.1454774819,-0.02138612123093059,-42.46489994002904,-85.63901097413475
10643.33513037439,-0.01392777800375538,-42.57660035264791,-86.1132453004398
10682.66961614353,-0.009528524766107669,-42.66080779471586,-86.00811905988638
10722.14947004698,-0.0071440933520091,-42.71755566124479,-85.76125255448227
10761.77522932055,-0.005467536139275309,-42.87973629325449,-85.999413146103
10801.54743318551,-0.006327997919424602,-42.94983070380104,-85.66173419018122
10841.46662285593,-0.005916237584806904,-42.94821544213433,-85.67425512088113
10881.53334154605,-0.005863078553328839,-43.07191559016638,-86.13748264631261
10921.74813447763,-0.006128482393131748,-43.15763290732865,-86.34490737316436
10962.11154888743,-0.005281737490926744,-43.28526078046943,-85.91089382478037
11002.62413403463,-0.005530952062920203,-43.34838309965311,-85.9672851230452
11043.28644120828,-0.005535272523492489,-43.40622399330694,-85.7721828856229
11084.09902373484,-0.007631861622876255,-43.45981433006759,-86.71360271800495
11125.06243698569,-0.01133751201360828,-43.56524546097024,-85.97699847506094
11166.17723838469,-0.01624774064097507,-43.66987497916529,-86.43369653667892
11207.44398741578,-0.01710886610887824,-43.69813956341428,-86.43024155990429
11248.86324563056,-0.01098953833033208,-43.7743881026901,-86.03661892877737
11290.43557665596,-0.007069962424037573,-43.8440009191108,-86.47649228223409
11332.16154620191,-0.004462007196814265,-43.96823026807829,-86.06421987916087
11374.04172206902,-0.004790385737766606,-44.04927576570433,-86.0774032285088
11416.07667415632,-0.004169503967720784,-44.0848899879401,-86.8401011802892
11458.266974469,-0.00444148970923032,-44.20939012351324,-86.71231770747659
11500.61319712622,-0.00501941688851207,-44.23777571444253,-86.38933387444939
11543.1159183689,-0.004393999092061268,-44.33860011237922,-86.38431678897923
11585.77571656757,-0.003966113288318055,-44.39463059344946,-86.43000829782767
11628.59317223024,-0.003520501441902222,-44.51931792732353,-86.45648392429099
11671.5688680103,-0.004401169031644441,-44.59299129176661,-86.32176526834279
11714.70338871444,-0.005186465891885133,-44.53271636926545,-85.93893214162003
11757.99732131063,-0.00701386615288315,-44.75183446236295,-86.29549792110942
11801.45125493607,-0.01206384269706763,-44.76203504094006,-86.79621157965924
11845.06578090526,-0.01999192052181683,-44.869969038021,-86.48792352445696
11888.84149271799,-0.01208948616748128,-44.94358564129459,-86.58612152662869
11932.77898606744,-0.007181466440686316,-44.9152913520134,-86.19116649393483
11976.87885884832,-0.00504331723761168,-45.06756043156423,-86.07448107666463
12021.14171116494,-0.00264510430319932,-45.1279472104201,-87.24759329685693
12065.56814533943,-0.002981251263822621,-45.28346786648448,-86.11576956001365
12110.15876591991,-0.003291971460628478,-45.29636475274319,-87.04684250021418
12154.91417968873,-0.004027136804403532,-45.35874865941476,-86.73806487849383
12199.8349956707,-0.004314228056683828,-45.35086099163716,-86.92256495942912
12244.92182514143,-0.003516964587499895,-45.54417742215175,-86.744706683925
12290.1752816356,-0.002871443526555369,-45.57829865075082,-86.85122268465648
12335.59598095532,-0.002924937027520234,-45.60980464812627,-87.0212908129501
12381.18454117851,-0.003113437839810415,-45.65419928167558,-86.98170429358021
12426.94158266734,-0.004026362008608751,-45.78241508693914,-86.17560690073549
12472.86772807663,-0.004269471403319718,-45.79443939858194,-86.58064095228661
12518.96360236234,-0.008034782647707558,-45.82661220047662,-87.03152823321759
12565.22983279007,-0.01386172554415961,-46.06804419484158,-86.30264100209212
12611.66704894362,-0.01348221687922283,-46.01913129563529,-86.75936345990644
12658.27588273351,-0.008164486933973975,-46.15988271787085,-87.31987338268694
12705.05696840564,-0.004148049911932148,-46.21142569624942,-86.69569686130481
12752.01094254986,-0.00304413724291263,-46.29802776683227,-86.47603541687675
12799.13844410866,-0.001743808156550025,-46.2221512342427,-86.26942556417373
12846.44011438589,-0.001355536832426193,-46.32180323929678,-86.81361773252706
12893.91659705544,-0.002465790148674222,-46.62074754384107,-87.64859749929029
12941.56853817002,-0.002362121460178527,-46.49084083520678,-87.37175641068642
12989.39658616996,-0.001858638273474831,-46.61518860895172,-86.92770368535528
13037.40139189202,-0.001788801859554642,-46.68939135467625,-87.53403318404645
13085.58360857825,-0.001241655768378327,-46.63472363787375,-86.82112336704209
13133.9438918849,-0.001582964410910298,-46.78444629776482,-86.83173957205935
13182.4828998913,-0.001282626192699649,-46.74001260083713,-86.52091424889626
13231.20129310884,-0.001676784932249061,-46.85747513230219,-87.20358992334943
13280.09973448998,-0.002243929873798712,-47.04245497247528,-87.32347558801689
13329.17888943721,-0.005350860403617985,-46.97734490380596,-86.68239609941344
13378.43942581219,-0.009303995851281046,-46.99801159137203,-87.29106880222787
13427.88201394475,-0.01753475706290585,-47.11943962232579,-87.17447413964697
13477.50732664207,-0.008650324106949296,-47.08738630156752,-87.09344039170469
13527.31603919781,-0.005041266399746111,-47.30814294801998,-86.83789175412818
13577.30882940132,-0.0008611118642641622,-47.28840949810969,-86.95847311196019
13627.48637754684,-0.001021374102874996,-47.32196022889528,-86.51382611262478
13677.84936644278,-0.001030596590595873,-47.50912784676384,-87.87965487391079
13728.39848142097,-0.0003472293541352549,-47.50226060945495,-87.7569400386551
13779.13441034605,-0.000261398948854463,-47.45647727579096,-87.7008121949676
13830.05784362479,-0.001130337090278871,-47.5132023636118,-87.60995024116046
13881.16947421546,-0.0009485845259397121,-47.62502286279643,-87.57635117482006
13932.46999763732,-0.0003145996293334037,-47.70294839897343,-87.39186307798997
13983.96011198006,-0.0001998130490004898,-47.65998279224291,-86.63928436616141
14035.64051791326,-3.825762535468569e-05,-47.72840015444612,-87.48771485148887
14087.51191869599,0.0009099221925078866,-47.85435945565573,-87.29168915556752
14139.57502018635,0.0003228325564839599,-47.76177402792315,-87.25407191032531
14191.83053085104,0.0002079683733544639,-48.02187305246012,-86.94857567745271
14244.27916177507,-0.001325976126936912,-47.93841866054183,-87.2655280201281
14296.92162667139,-0.003982705237630487,-48.08370061946026,-87.25405002937441
14349.7586418906,-0.01014540627002577,-48.16473073931263,-87.03200672405809
14402.79092643073,-0.01202578394480701,-48.40211969414128,-86.59811303470525
14456.01920194701,-0.005814056229317245,-48.08747088665815,-86.50579151191818
14509.44419276164,-0.001877859244696989,-48.34935567122719,-87.76503846961015
14563.06662587375,6.444742506710326e-05,-48.3712669716678,-86.98182643203225
14616.88723096921,0.001176424235034378,-48.34910432942101,-87.74447695109245
14670.90674043057,0.0008907575820115626,-48.38470339442298,-86.91925048054023
14725.12588934705,0.000892522944606436,-48.38931671164794,-86.41382910765211
14779.54541552455,0.0009996862168875596,-48.64590943547925,-87.29121746944361
14834.16605949565,0.001409186548056609,-48.66122136747103,-87.14367625486435
14888.98856452972,0.0007119080951148481,-48.62991340179916,-87.13483769680366
14944.01367664303,0.00163954116031203,-48.76941452846217,-87.93158085290652
14999.24214460888,0.0009740078605296196,-48.7347844737249,-86.85829624661937
15054.67471996783,0.0001236543423273308,-48.97483461355905,-87.53492811669292
15110.31215703787,0.0004198350036799932,-48.93338652640718,-86.65658292030889
15166.15521292474,0.001465199323533374,-49.06764086104839,-87.3835260919171
15222.20464753222,0.001442237907052515,-49.021169178563,-86.60208451480035
15278.46122357242,0.001352582820800584,-48.97004634465536,-87.63765861965823
15334.92570657624,0.0004270653838888048,-49.04532832819081,-87.87499517663021
15391.59886490371,-0.001654180276523265,-49.13672586644492,-87.42149746932532
15448.48146975452,-0.007125069535178266,-49.2553704539484,-87.89353041163366
15505.57429517845,-0.01189218801951457,-49.35527142900165,-86.95292359525841
15562.87811808594,-0.005587151766741179,-49.404108382377,-87.85139189057412
15620.39371825865,-0.0003833958588036947,-49.51744356084721,-86.71817644631091
15678.12187836005,0.001612533763173649,-49.49123176035652,-86.75719914385698
15736.06338394614,0.002591242404935006,-49.53065714639823,-88.18566081791344
15794.21902347605,0.002691122655068417,-49.49234333364377,-86.96725909776538
15852.58958832283,0.00253588833143597,-49.57270514486164,-86.62759202307569
15911.1758727842,0.00169290208378426,-49.65536911206651,-86.6971404153103
15969.97867409337,0.002513169224749862,-49.70187679228112,-87.4381454591613
16028.99879242985,0.0008793847530430705,-49.66883536480801,-87.32026713672293
16088.2370309304,0.003197648517482166,-49.96620219960682,-86.69493835242758
16147.6941956999,0.002957225124258095,-50.0184470233766,-86.92593553105404
16207.37109582235,0.003651117689251257,-49.8752521940263,-87.11053518986461
16267.26854337189,0.00175145784822999,-49.93859219808242,-86.38041203347618
16327.38735342382,0.002788455071722441,-50.05592170997384,-86.08887174389201
16387.72834406572,0.003102893420869497,-50.12493338481679,-87.84851650421794
16448.29233640854,0.003477080383603561,-50.22135620437811,-87.12666748543393
16509.08015459785,0.003615819991978348,-50.07416183558168,-86.93171080245524
16570.09262582498,0.002852412060009401,-50.26848256261655,-86.96640798358249
16631.33058033829,0.001791419446351957,-50.04444131268656,-86.50280394748269
16692.79485145451,-0.002072370193651055,-50.19981176507996,-87.2090391849469
16754.48627557005,-0.009227654899917347,-50.42037143612858,-86.49960096652363
16816.40569217236,-0.008836196116748473,-50.30915932478014,-86.92321146780552
16878.55394385139,-0.001493825838792975,-50.38997611875511,-86.69388699227585
16940.93187631105,0.001415758040909884,-50.74283655386827,-87.33470134177634
17003.54033838071,0.002737041000540833,-50.58067694079702,-87.28128474679067
17066.38018202674,0.003280342106456665,-50.63462282159237,-87.68862507784986
17129.45226236412,0.003238569721618964,-50.75361960302794,-87.93990678261051
17192.75743766807,0.003562839294562712,-50.87376300389536,-87.23951193095134
17256.29656938575,0.003891391098452497,-50.72642621111211,-87.82951990160717
17320.07052214793,0.002913710317943507,-50.7814544805659,-87.39593387144534
17384.0801637808,0.00359748287579224,-50.7389285909919,-86.05568754152755
17448.3263653178,0.005175215352651351,-50.92571105159001,-87.65716231188765
17512.81000101139,0.005246073458234937,-51.04458311369076,-86.48153459435119
17577.53194834503,0.004138703293822835,-51.23638497627213,-87.64318299963088
17642.49308804509,0.002675839530564545,-51.17504561773192,-86.29438020206499
17707.69430409281,4.582608859560285e-05,-51.19946065367597,-87.56370646504612
17773.13648373637,0.005203378949761582,-51.10835014785962,-88.02863483623321
17838.82051750294,0.004852852948688158,-51.12755243546416,-87.97712528915559
17904.74729921082,0.005113812097607034,-51.24382413360006,-86.15803688373342
17970.91772598155,0.004853153384129043,-51.36708534862768,-87.60527112887651
18037.33269825219,0.005496737734756161,-51.4120015172714,-86.75832099088804
18103.99311978753,0.004897371667821566,-51.49916516600196,-87.53718513152066
18170.89989769239,0.0009605278270862031,-51.63590876433325,-87.85306363718031
18238.05394242395,-0.00213584176069149,-51.42889101031542,-86.94602436287437
18305.4561678042,-0.01024524719709737,-51.40680759449832,-87.25822078230473
18373.10749103232,-0.002667878587885263,-51.59661410277582,-86.22747104770622
18441.00883269715,0.002036515398910482,-51.39664853799336,-87.14599862344065
18509.16111678977,0.003890029568875185,-51.86838407853514,-89.09489265581516
18577.56527071604,0.00545098445468897,-51.84582471753647,-86.35868084190116
18646.22222530923,0.00645374240701147,-51.93678594470044,-85.64218860944754
18715.13291484268,0.005760587378782038,-51.96407540875641,-85.88873984810631
18784.2982770425,0.005310237376174972,-51.79172687618306,-87.11644592022709
18853.71925310036,0.005871328569055831,-51.91537815128615,-88.07318610161423
18923.3967876863,0.006057164303662026,-51.78324469933129,-87.39093119128702
18993.33182896155,0.006399844573458656,-52.13002096373624,-84.52098758752976
19063.52532859145,0.006628476737721132,-52.0566167270642,-86.35994376809094
19133.97824175841,0.006035791274569695,-52.03357847341739,-87.0340863526759
19204.69152717489,0.006177474436314667,-52.2591493187801,-86.65088956653307
19275.66614709647,0.003191162280658882,-52.34823135245914,-85.15245150823552
19346.90306733493,-0.002246014239228567,-52.32275413772821,-87.1401673538237
19418.40325727137,-0.009652668160642981,-52.087224694979,-86.03396229475248
19490.16768986945,-0.001386077905182901,-52.25039339241555,-87.07988715838565
19562.19734168859,0.006853570158386522,-52.15797056456932,-86.72527902123406
19634.49319289728,0.006627792034901631,-52.73000454046793,-87.54314658086896
19707.05622728639,0.007174224159800326,-52.54185752257612,-87.52860326666662
19779.88743228262,0.006136775322765265,-52.5643284257437,-87.25555736141919
19852.98779896184,0.006824402137567158,-52.48721201123245,-87.35740478497627
19926.35832206269,0.006257478793494933,-52.74830861514531,-86.70263129758018
20000,0.00341540842686118,-52.49298571798887,-84.63242204712243
